order_id,invoice_id,order_date,ship_date,delivery_date,region,channel,customer_type,customer_id,sales_rep,product_name,product_category,quantity,unit_price,discount_pct,tax_pct,sales_amount,cogs,profit,currency,payment_method,status,notes
MD-2409-00008,INV-969634,27-Sep-24,2024-10-17,2024-11-14,Midwest,Online,Retail Pharmacy,ACCT-3442,N. Ahmed,Thermometer Probe,Accessory,116,4360.27,0,0.000,505791.32,"314,977.66",190813.66,USD,Credit Card,Refunded,
MD-2602-00175,INV-879243,2026-02-25,29-Mar-26,05-01-2026,Midwest,Referral,Lab,ACCT-1602,L. Brown,,Accessory,60,1785.86,0.1,0.08,"109,937.54",38920.77,71016.77,USD,Bank Transfer,Partially Paid,
MD-2508-00074,INV-794178,08-08-2025,"Aug 31, 2025",2025/10/01,West,Referral,Clinic,ACCT-9013,L. Brown,Ultrasound Gel,Consumable,7,1739.650,0.20,0.00,"$9,742.04",4643.6,5098.44,usd,ACH,Partial_y Paid,
MD-2401-00005,INV-392004,01-08-2024,2023/12/31,12/31/2023,Southwest,Channel Partner,Imaging Center,ACCT-2588,T. Garcia,Portable Defibrillator,Capital Equipment,9,4347.15,0.15,$0.00,"33,255.70",18991.9,"14,263.80",eur,Credit Card,Partially Paid,
MD-2407-00150,INV-793193,"Jul 02, 2024",2024/07/14,2024/08/05,West,Channel Partner,,ACCT-8051,M. Rivera,Sterile Drapes,ConsuMable,20.0,1461.58,0.5,$0.00,14615.8,9893.05,4722.75,EUR,Bank Transfer,Refunded,
MD-2406-00273,INV-446057,06-22-2024,07-03-2024,2024-07-21,Southeast,Distributor,Imaging Center,ACCT-5225,P. Singh,Sterile Drapes,Consum-ble,19,4383.32,0.2,0.05,65585.43,30414.47,"35,170.95",USD,Net 30,Pe-ding,
MD-2504-00279,INV-701975,04/28/2025,"Apr 24, 2025",2025-04-24,Southeast,Referral,Government,ACCT-2114,K. Johnson,Sterile Drapes,Consumable,100.0,3518.970,0.00,0.05,369491.85,223031.78,146460.07,php,ACH,,
MD-2502-00253,INV-329583,25-Feb-25,03-10-2025,2025-03-31,Central,Distributor,Clinic,ACCT-6401,,Specimen Container,Consumable,52,1260.23,0.0,0.07,70119.2,39180.316,"30,938.88",gbp,Wire,Overdue,
MD-2601-00221,INV-219125,01-21-2026,2026/02/25,07-Apr-26,Southwest,Distributor,Cl_nic,ACCT-3721,P. Singh,Syringe Pump,,20,,0,0.1,92976.12,67096.18,25879.94,EUR,Invoice,Overdue,
MD-2402-00263,INV-496267,02-02-2024,"Jan 28, 2024",2024-02-01,Midwest,Direct,University,ACCT-6865,L. Brown,Infusion Set,Consumable,61,681.44,0.500,0.07,22238.79,11343.6,10895.2,USD,Bank Transfer,Partially Paid,
MD-2406-00156,INV-575279,06-13-2024,2024-07-15,2024-08-21,East,Dist-ibutor,Clinic,ACCT-3131,P. Singh,Aspirator Unit,Equipment,9,1696.69,0.5,0.09,8322.264,"5,553.01",2769.25,GBP,Credit Card,Charged Back,
MD-2602-00037,INV-347459,02-06-2026,09-Mar-26,12-Apr-26,,Distributor,University,ACCT-3255,N. Ahmed,Syringe Pump,Cap_tal Equipment,19,"$4,075.43",0.25,0.0,-58074.88,23478.45,34596.43,USD,In_oice,Charged Back,
MD-2410-00101,INV-329183,"Oct 21, 2024",14-Oct-24,10/14/2024,West,Referral,Lab,ACCT-6833,J. Patel,Sterile Dra_es,Consumable,10,2667.2,0,0.1,28805.65,13969.74,14835.91,GBP,Bank Transfer,Partially Paid,
MD-2409-00160,INV-211222,09-Sep-24,2023-11-29,2024-10-19,South,Inside Sales,Hospital,ACCT-8423,K. Johnson,Sterile Drapes,Consumable,4,1373.14,0,0.08,5932.0,3029.04,"$2,902.93",USD,,Pending,
MD-2501-00084,INV-861697,2025-01-29,03/02/2025,2025-04-11,Northeast,Channel Partner,Retail Pharmacy,ACCT-3140,E. Davis,,Consumable,84,4254.76,0,0.0,357399.8,145454.58,211945.26,GBP,Check,Pending,
MD-2406-00045,INV-695551,"Jun 29, 2024",2024-06-19,19-Jun-24,Central,Channel Partner,Imaging Center,ACCT-6417,J. Patel,,Diagnostic,24,"4,496.48",0.1,0.0,97123.968,34380.416,62743.55,USD,Bank Transfer,Paid,
MD-2502-00172,INV-399212,02/28/2025,02/17/2025,17-Feb-25,South,Referral,University,ACCT-5882,T. Garcia,Sterile Drapes,Consumable,49,"1,243.37",0.0,0.00,60925.1,35517.2,25407.91,USD,,Charged Back,
MD-2503-00152,INV-411762,"Mar 22, 2025",2025/03/22,03/30/2025,Northwest,Channel Partner,Clinic,ACCT-7997,S. Chen,Pulse Oximeter,Accessory,-20,4083.400,0.05,0.1,448283.82,208011.2,240272.64,GBP,Check,Charged Back,
MD-2406-00072,INV-821942,27-Jun-24,07/30/2024,09/10/2024,North,Inside Sales,Hospital,ACCT-4619,P. Singh,Otoscope Kit,Diagnostic,29,3198.57,0,0.08,-100179.21,48279.77,,PHP,Net 30,Paid,
MD-2507-00003,INV-245051,"Jul 28, 2025",2025/08/19,2025-09-15,North,Distributor,Clinic,ACCT-8668,N. Ahmed,Specimen Container,Consumable,115,2805.96,0.15,0.05,"287,996.72",,63690.45,GBP,Check,Overdue,
MD-2411-00168,INV-397719,11/04/2024,2023/10/14,"Oct 28, 2024",Southwest,,Government,ACCT-7926,N. Ahmed,Compression Sleeve,Accessory,43,"1,879.29",0.00,0.09,88082.322,68398.33,19683.99,GBP,Wire,Pending,
MD-2501-00121,INV-828361,12-Jan-25,24-Jan-25,"Feb 07, 2025",Northeast,Channel Partner,Government,ACCT-5254,N. Ahmed,Specimen Container,Consumable,108,2647.66,0.1,0.08,277940.76,"113,359.44","$164,581.32",USD,Bank Transfer,,
MD-2406-00097,INV-791423,06/30/2024,"Jul 18, 2024","Aug 15, 2024",North,Referral,Hospital,ACCT-8899,T. Garcia,Patient Monitor,Capital Equipment,113,3765.16,0.35,$0.00,276551.0,107874.7,168676.29,php,Check,Refunded,
MD-2505-00116,INV-336540,05/28/2025,02-Jun-25,2025/06/08,East,Referral,Lab,ACCT-7987,L. Brown,Thermometer Probe,Accessory,113,1865.77,0.00,0.09,-229806.90,"174,221.21",55585.68,USD,Check,Partially Paid,
MD-2402-00086,INV-480941,02-25-2024,2024/02/27,2024-03-08,South,Online,Government,ACCT-2741,A. Khan,Sterile Drapes,Consumable,72.0,"3,686.39",0.5,0.08,143326.84,"94,332.42",48994.42,USD,Invoice,Refunded,
MD-2407-00199,INV-523618,07/02/2024,2024-06-23,2024-06-23,West,Channel Partner,Retail Pharmacy,ACCT-2468,E. Davis,Aspirator Unit,Equipment,84,1632.7,0.2,0.1,,71378.5,43822.7,PHP,Check,Charged Back,
MD-2506-00204,INV-746223,06/04/2025,07-08-2025,2025-08-14,Northeast,Distributor,Hospital,ACCT-9577,S. Chen,Glucose Meter,Diagnost_c,64,2477.87,0.35,0.0,103079.39,54049.96,49029.43,USD,Wire,Overdue,
MD-2403-00266,INV-631597,2024/03/25,04-04-2024,2024/04/16,North,Inside Sales,Retail Pharmacy,ACCT-8377,N. Ahmed,Nebulizer Mask,Accessory,103,3875.5,0.000,0.07,"427,119.96",173136.49,253983.47,USD,Check,Paid,manual entry
MD-2402-00031,INV-503159,2024/02/28,"Mar 10, 2024","Mar 26, 2024",North,Referral,Private Practice,ACCT-6626,M. Rivera,Pulse Oximeter,Accessory,83.0,4150.030,0.00,0.090,375453.21,227319.8,148133.44,USD,Check,Charged Back,
MD-2510-00153,INV-584952,10/15/2025,11/06/2025,12/08/2025,Central,Direct,Government,ACCT-5201,P. Singh,,Consumable,120,2722.57,0.000,0.09,"356,112.16",155364.13,,USD,Bank Transfer,,
MD-2409-00285,INV-938621,2024/09/30,09-26-2024,2024-09-28,,ReFerral,Hospital,ACCT-6634,S. Chen,Specimen Container,Consumable,-26,"$3,177.83",0.50,0.0,76267.92,51222.49,25045.43,EUR,ACH,Overdue,
MD-2409-00272,INV-267003,09/04/2024,2024/09/03,09-10-2024,S_uth,Inside Sales,Retail Pharmacy,ACCT-9803,M. Rivera,Aspirator Unit,Equipment,83,544.22,0.5,0.07,,17520.336,6645.75,EUR,Credit Card,Partially Paid,
MD-2405-00227,INV-933868,28-May-24,06/05/2024,"Jun 15, 2024",South,Channel Partner,Clinic,ACCT-8130,K. Johnson,,Capital Equipment,41,3307.54,0.1,0.05,,,54450.47,USD,Net 30,Paid,
MD-2407-00235,INV-920411,2024/07/23,2024-07-30,08/11/2024,Southwest,Referral,Retail Pharmacy,ACCT-8557,,Pulse Oximeter,Accessory,39,2725.2,0.250,0.09,86885.87,37261.01,"$49,624.86",USD,Credit Card,Partially Paid,
MD-2601-00261,INV-898273,"Jan 09, 2026",01/20/2026,02-09-2026,Central,Online,Retail Pharmacy,ACCT-1052,L. Brown,Syringe Pump,Capital Equipment,86,"$1,942.39",$0.00,0.0,"167,045.54",72324.7,94720.81,USD,Net 30,,
MD-2512-00075,INV-641922,"Dec 04, 2025",12-22-2025,"Jan 19, 2026",East,Distributor,Lab,ACCT-7936,M. Rivera,Portable Defibrillator,Capital Equipment,61,1442.9,$0.20,0.000,70413.520,39847.27,30566.25,USD,Check,Paid,
MD-2511-00002,INV-766563,08-Nov-25,11/10/2025,17-Nov-25,Midwest,Referral,Private Practice,ACCT-8573,T. Garcia,Pulse Oximeter,Accessory,110,1126.6,0,0.080,"$133,840.08",62841.75,70998.3,USD,ACH,Pending,
MD-2409-00241,INV-162276,09/26/2024,10/25/2024,"Nov 24, 2024",Midwest,Direct,Hospital,ACCT-7819,P. Singh,Patient Monitor,Capital Equipment,44,2029.7,0.05,0.07,90779.915,66437.47,24342.45,USD,Invoice,Refunded,
MD-2401-00034,INV-129556,28-Jan-24,2024-02-11,02-26-2024,Midwest,Online,Private Practice,ACCT-1086,M. Rivera,Nebulizer Mask,Accessory,65,"$1,802.53",0.200,0.0,93731.560,"$47,916.74",45814.82,USD,Check,RefUnded,
MD-2505-00060,INV-893547,2025-05-22,06-14-2025,2025/07/16,Southwest,Referral,,ACCT-5305,K. Johnson,ECG Lead Set,Accessory,74,558.82,0.35,0.07,28760.789,16769.8,11990.99,USD,Check,Overdue,
MD-2505-00029,INV-416061,05/13/2025,06/03/2025,29-Jun-25,,Referral,Lab,ACCT-6802,M. Rivera,Patient Monitor,Capita_ Equipment,29,1904.520,$0.50,,27615.54,9756.72,17858.82,USD,Invoice,Refunded,
MD-2408-00062,INV-993829,2024/08/04,23-Aug-24,09-16-2024,,,Retail Pharmacy,ACCT-3161,L. Brown,Sterile Drapes,Consumable,107,"1,369.84",0.350,0.09,103846.89,"42,177.99",61668.9,USD,Credit Card,,
MD-2412-00240,INV-473801,"Dec 14, 2024","Dec 13, 2024",12/21/2024,South,Direct,Government,ACCT-1843,,Glucose Meter,Diagnostic,-14,3997.55,0.50,0.08,53966.9,30511.04,23455.9,USD,Credit Card,Partially Paid,
MD-2509-00125,INV-892453,2025/09/02,"Sep 27, 2025",10/30/2025,South,Inside Sales,Imaging Center,ACCT-3354,P. Singh,Otoscope Kit,Diagnostic,40,1603.2,$0.05,$0.09,-66404.96,25484.54,40920.42,GBP,Credit Card,Paid,manual entry
MD-2411-00042,INV-955374,2024-11-02,27-Nov-24,28-Dec-24,South,Referral,Imaging Center,ACCT-4728,A. Khan,Aspirator Unit,Equipment,107,,0.25,$0.09,,102739.20,"111,787.98",EUR,Check,Charged Back,
MD-2504-00279,INV-701975,04/28/2025,"Apr 24, 2025",2025-04-24,Southeast,Referral,Government,ACCT-2114,K. Johnson,Sterile Drapes,Consumable,100.0,3518.970,0.00,0.05,369491.85,223031.78,146460.07,php,ACH,,
MD-2512-00158,INV-739280,2025-12-10,2025-12-23,09-Jan-26,West,Channel Partner,Hospi_al,ACCT-7466,K. Johnson,Neb-lizer Mask,Accessory,91,"$2,038.72",0.5,0.070,99255.08,37857.27,61397.81,USD,ACH,Partially Paid,
MD-2401-00269,INV-765607,"Jan 19, 2024",2023/10/12,"Mar 31, 2024",Northeast,Online,Imaging Center,ACCT-9175,S. Chen,Portable Defibrillator,Capital Equipment,9,2939.3,0.5,$0.08,14285.1,8611.1,5674.00,EUR,Credit Card,Partially Paid,
MD-2403-00026,INV-744986,2024-03-06,03-24-2024,04-19-2024,Southwest,Dire_t,Clinic,ACCT-2204,M. Rivera,Otoscope Kit,Diagnostic,-30,2854.5,0.25,0.1,154012.929,68576.78,"$85,436.15",GBP,Bank Transfer,Refunded,
MD-2509-00054,INV-679902,2025/09/01,2025/09/14,,Northwest,Channel Partner,Clinic,ACCT-3527,T. Garcia,Syrin_e Pump,Capital Equipment,82.0,1320.690,0.2,0.080,,39307.39,"$48,412.84",USD,Credit Card,Paid,refund processed
MD-2406-00198,INV-510059,2024-06-12,"Jun 01, 2024",06-01-2024,Central,Referral,Private Practice,ACCT-1886,L. Brown,Nebulizer Mask,Accessory,44.0,2034.63,0.25,,71842.79,48552.6,23290.2,USD,ACH,Paid,
MD-2603-00049,INV-869038,03-05-2026,24-Feb-26,02/24/2026,Central,Channel Partner,Hospital,ACCT-3869,T. Garcia,Aspirator Unit,Equipment,38,1133.170,0.50,0.07,23037.3,13783.57,"9,253.78",USD,Credit Card,Partially Paid,duplicate review
MD-2602-00109,INV-141406,2026/02/13,02-23-2026,2026/03/13,Southwest,Distributor,University,ACCT-3627,M. Rivera,Blood Pressure Cuff,Accessory,3,3312.13,0.15,0.05,8868.228,4059.87,4808.36,gbp,Bank Transfer,Partially Paid,
MD-2509-00129,INV-427679,"Sep 16, 2025",2025-09-09,09-Sep-25,Southwest,Channel Partner,University,ACCT-5827,L. Brown,Glucose Meter,Diagnostic,-25,3563.2,0.0,0.09,314594.05,218071.01,,USD,Invoice,,
MD-2502-00110,INV-236078,02/23/2025,2025-03-24,04/28/2025,South,Channel Partner,Imaging Center,ACCT-5193,A. Khan,ECG _ead Set,Accessory,13,2517.080,0,0.0,32722.04,23204.28,"$9,517.76",GBP,Credit Card,Pending,
MD-2405-00132,INV-829445,05/02/2024,25-Apr-24,28-Apr-24,Southeast,Inside Sales,Retail Pharmacy,ACCT-6298,L. Brown,Ultrasound Gel,Consumable,49,3154.82,0.500,0.1,81157.74,59673.72,"21,484.02",USD,ACH,Refunded,
MD-2407-00065,INV-865416,07/27/2024,2024-07-24,07/30/2024,South,Channel Partner,Private Practice,ACCT-1185,J. Patel,Sterile Drapes,Consumable,51,2819.86,0,$0.07,153879.76,100088.11,53791.651,USD,Check,Partially Paid,
MD-2511-00078,INV-778818,11/24/2025,"Nov 25, 2025",2025-12-01,West,Online,Government,ACCT-6713,E. Davis,Specimen Container,Consumable,66,108.01,0,0.080,-7698.95,5712.25,1986.70,usd,Net 30,Overdue,
MD-2405-00174,INV-433765,05-23-2024,26-Jun-24,08-08-2024,Central,Online,University,ACCT-6381,A. Khan,Thermometer Probe,ACcessory,113,2080.24,0.5,0.1,128111.58,97581.23,"$30,530.35",php,Credit Card,Partially Paid,
MD-2511-00105,INV-979249,11/01/2025,2025-11-13,2025-11-30,Midwest,Inside Sales,Government,ACCT-9835,J. Patel,Portable Defibrillator,Capital Equipment,32,3543.6,0.2,0.05,"$89,298.72",36295.39,53003.330,,Invoice,,
MD-2508-00203,INV-249600,2025/08/31,"Sep 13, 2025",10-04-2025,CenTral,Inside Sales,University,ACCT-5519,T. Garcia,Ultrasound Gel,Consumable,34,57.47,0.35,0.05,"$1,333.59",843.83,$489.76,USD,Check,Paid,
MD-2509-00212,INV-603762,"Sep 06, 2025",2025/08/25,08/25/2025,Central,Direct,Clinic,ACCT-2680,N. Ahmed,ECG lead Set,Accessory,70,3536.6,0.15,0.0,210427.7,91956.55,118471.2,USD,Net 30,Paid,
MD-2409-00055,INV-617077,09/05/2024,2024-09-29,11/01/2024,Northeast,Direct,Imaging Center,ACCT-2752,J. Patel,Infusion Set,Consumable,88,1834.94,0,0.07,"172,777.95",82844.69,89933.27,USD,ACH,Charged Back,
MD-2511-00151,INV-465823,11-23-2025,"Dec 03, 2025",2025-12-18,Midwest,Online,Lab,ACCT-2391,M. Rivera,Sterile Drapes,Consuma_le,8,146.8,0,0.050,1232.868,875.2,357.68,php,ACH,Overdue,
MD-2404-00265,INV-959613,04-08-2024,04-20-2024,2024/05/05,Northwest,Inside Sales,Hospital,ACCT-4852,K. Johnson,Sterile Dr_pes,Consumable,98.0,"4,490.04",0.200,0.07,376660.48,277278.291,99382.18,EUR,ACH,Partially Paid,
MD-2602-00270,INV-238094,2026/02/22,"Feb 11, 2026",2026-02-11,South,Direct,Private Practice,ACCT-7571,N. Ahmed,Compression Sleeve,Accessory,96,2361.74,0.05,0.08,232621.94,173560.6,59061.362,EUR,Net 30,,
MD-2601-00164,INV-859813,"Jan 24, 2026",02-18-2026,2026/03/25,West,Inside Sales,Government,ACCT-8755,M. Rivera,Compression Sleeve,AccEssory,38,189.2,0.2,0.08,6213.13,3546.1,2667.03,USD,ACH,Charged Back,
MD-2410-00250,INV-890069,2024-10-21,10/26/2024,11-08-2024,Central,,Hospital,ACCT-4197,A. Khan,Wheelchair Scale,Equipment,29,"4,251.05",0.100,0.07,118719.07,92029.41,"$26,689.66",EUR,Invoice,Charged Back,refund processed
MD-2401-00274,INV-278687,13-Jan-24,01-17-2024,01/27/2024,Northwest,Online,Private Practice,ACCT-8929,T- Garcia,Aspirator Unit,Equipment,96,"4,178.67",0.3,0.1,281608.93,,125288.1,GBP,Wire,Refunded,
MD-2603-00013,INV-513160,"Mar 28, 2026","Apr 10, 2026",04-26-2026,North,Inside Sales,University,ACCT-7211,L. Brown,Wheelchair Scale,Equipment,118,623.08,0.5,0.09,40070.27,14489.23,"25,581.04",usd,ACH,Pending,
MD-2505-00012,INV-435239,"May 11, 2025",2025-06-08,07/10/2025,East,Referral,University,ACCT-4388,T. Garcia,,Accessory,57,382.99,0.10,0.050,20629.76,9630.74,10999.0,GBP,ACH,Paid,
MD-2401-00223,INV-933762,2024/01/08,01-19-2024,02/03/2024,North,Dir-ct,Retail Pharmacy,ACCT-4156,P. Singh,Aspirator Unit,Equipment,37,"1,293.31",0.1,0.1,46081.929,"$32,743.43",13338.5,PHP,ACH,Overdue,typo in region
MD-2506-00231,INV-330246,2025-06-26,2025-07-22,2025-08-25,Northwest,Direct,Retail Pharmacy,ACCT-5395,E. Davis,Aspirator Unit,Equipment,56,534.8,0,0.050,31445.06,23972.39,"7,472.67",USD,Net 30,Paid,
MD-2603-00214,INV-621249,"Mar 23, 2026","Apr 20, 2026",2026/05/24,Southwest,Direct,Lab,ACCT-1046,,Ultrasound Gel,Consumable,103,4532.02,0.05,0.08,478934.81,"253,846.77",225088.04,EUR,Invoice,Paid,
MD-2405-00119,INV-311741,2024/05/18,2023/10/04,20-Jun-24,Midwest,Distributor,Clinic,ACCT-2397,N. Ahmed,Sterile Drapes,Consumable,58,131.28,0.25,0.09,6224.64,"4,578.51","1,646.13",USD,Net 30,Overdue,
MD-2402-00236,INV-447401,2024-02-26,2024-03-02,03-09-2024,Northwest,Direct,Imaging Center,ACCT-3535,L. Brown,Sterile Drapes,Consumable,77,478.35,0.1,0.1,36133.12,"$20,127.28",,EUR,Credit Card,Pending,
MD-2604-00023,INV-777737,2026-04-01,11-Apr-26,2026/04/25,North,Direct,Retail Pharmacy,ACCT-9837,K. Johnson,Blood Pressure Cuff,Accessory,80,1212.0,0.00,$0.00,96960.0,"71,601.43",25358.57,PHP,ACH,Overdue,
MD-2503-00277,INV-420218,29-Mar-25,"Apr 07, 2025",2025/04/25,South,Distributor,Private Practice,ACCT-3814,J. Patel,Infusion Set,Consumable,25,3740.86,0.05,0.050,93287.7,44973.64,"48,314.06",USD,Net 30,,
MD-2509-00032,INV-832409,09-09-2025,2025/09/06,09/09/2025,Northwest,Channel Partner,Private Practice,ACCT-9624,M. Rivera,Pulse Oximeter,Accessory,75,3189.4,0.15,0.07,"$217,554.90",166670.88,"$50,884.02",PHP,Credit Card,Partially Paid,
MD-2505-00234,INV-229431,2025-05-13,2025/05/19,27-May-25,North,Di-ect,Private Practice,ACCT-3337,S. Chen,,Equipment,2,2185.070,0.050,0.07,4442.25,3131.57,1310.7,eur,Net 30,Pending,
MD-2412-00021,INV-786587,12/05/2024,2024-11-29,2024/12/01,Central,Referral,Retail Pharmacy,ACCT-8994,N. Ahmed,ECG Lead Set,Accessory,68,4371.19,0,0.050,312102.97,164256.92,"$147,846.04",USD,ACH,Partially Paid,
MD-2512-00140,INV-601736,12-22-2025,"Dec 14, 2025",12-15-2025,West,Online,Retail Pharmacy,ACCT-6656,E. Davis,Blood Pressure Cuff,Accessory,18,4710.23,0.05,0.09,87793.98,35014.85,"$52,779.12",EUR,ACH,Paid,
MD-2603-00169,INV-710658,03/14/2026,16-Apr-26,2026/05/29,South,Inside Sales,Private Practice,ACCT-7050,N. Ahmed,Ultrasound Gel,Consumable,92,1820.26,0.05,0.0,159090.724,"78,109.44",80981.3,EUR,Wire,,
MD-2506-00201,INV-320032,06-30-2025,2025-07-16,08-04-2025,North,Online,Private Practice,ACCT-6882,L. Brown,Gluco-e Meter,Diagnostic,89,1510.34,0.150,0.09,-124540.40,"$72,411.52",52128.85,PHP,Wire,Partially Paid,
MD-2411-00230,INV-504305,2024/11/15,"Dec 18, 2024","Jan 28, 2025",West,Online,Clinic,ACCT-2805,S. CHen,Ultrasound Gel,Consumable,109,2427.60,0.00,0.050,277838.820,206762.04,71076.778,USD,Wire,Pending,
MD-2403-00010,INV-528231,12-Mar-24,2024/04/11,05-17-2024,Central,Referral,Private Practice,ACCT-9977,A. Khan,Sterile Drapes,Consumable,85,4072.3,0.1,0.09,339568.74,164009.12,175559.62,GBP,Invoice,Overdue,
MD-2409-00016,INV-874483,2024/09/14,16-Sep-24,09-20-2024,Northwest,Online,Government,ACCT-1231,N. Ahmed,Blood PresSure Cuff,Accessory,,584.43,0.350,0.05,16353.81,7070.78,9283.04,usd,Credit Card,Pending,
MD-2508-00245,INV-421802,"Aug 07, 2025",08-20-2025,03-Sep-25,Central,Direct,University,ACCT-4569,T- Garcia,Thermometer Probe,Accessory,47,1298.76,0.1,0.09,"59,881.93",21276.4,38605.53,PHP,Wire,Overdue,
MD-2407-00243,INV-785395,07/29/2024,"Aug 17, 2024",11-Sep-24,Midwest,Direct,Imaging Center,ACCT-3246,N. Ahmed,Portable Defibrillator,Capital Equipment,57,3426.48,0.15,0.090,"$180,954.12",86107.7,,EUR,,Refunded,
MD-2406-00202,INV-657286,2024-06-06,06-14-2024,"Jun 29, 2024",Northeast,Online,Lab,ACCT-4640,T. Garcia,Nebulizer Mask,Accessory,4,"$4,627.72",0.05,0.0,17585.34,8197.47,"$9,387.86",usd,ACH,Charged Back,
MD-2510-00079,INV-435109,10-29-2025,11/05/2025,11-16-2025,North,Online,Hospital,ACCT-4111,K. Johnson,Ultrasound Gel,Consumable,67,3677.09,0,0.09,"268,537.88","$140,650.03","127,887.86",GBP,Bank Transfer,Charged Back,
MD-2510-00001,INV-542417,2025-10-16,2025-10-11,2025-10-11,West,Channel Partner,Retail Pharmacy,ACCT-1106,J. Patel,Thermometer Probe,Accessory,-27,1080.73,0,0.09,37695.86,14602.8,23093.1,GBP,Wire,Partially Paid,
MD-2408-00041,INV-108574,2024-08-08,2024/09/02,10/03/2024,Central,ONline,Governme-t,ACCT-2946,J. Patel,Patient Monitor,Capital Equipment,7.0,1359.1,0.5,$0.08,"5,137.51",2429.38,2708.127,GBP,Bank Transfer,Pending,
MD-2512-00190,INV-615524,2025-12-13,01/16/2026,2026-02-23,East,Distributor,Lab,ACCT-8652,L. Brown,Nebulizer Mask,Accessory,67,"1,552.00",0.25,0.0,77988.0,29462.72,48525.283,EUR,Wire,Refu_ded,
MD-2506-00226,INV-931681,"Jun 08, 2025",21-Jun-25,07/08/2025,West,Inside Sales,University,ACCT-8033,S. Chen,Thermometer Probe,Accessory,23,959.4,0.10,0.08,21449.02,8456.16,12992.86,usd,ACH,Paid,
MD-2403-00070,INV-941134,"Mar 03, 2024",2024-02-25,2024/02/25,Midwest,Online,,ACCT-4588,A. Khan,Nebulize- Mask,Accessory,-5,2019.3,0.35,0.05,24807.1,"$15,410.78",9396.32,EUR,Invoice,Pending,
MD-2410-00019,INV-910075,2024/10/22,"Nov 21, 2024",2024-12-28,Southwest,Channel Partner,Imaging Center,ACCT-9998,J. Patel,Compression Sleeve,Accessory,5.0,"2,189.71",0.1,0.1,"$9,957.71",4869.4,5088.31,USD,Bank Transfer,Partially Paid,
MD-2503-00053,INV-825916,"Mar 20, 2025","Nov 07, 2023",,North,Online,Hospital,ACCT-1256,S. Chen,ECG Lead Set,AcCessory,115,2540.83,0.0,0.050,306805.22,135273.29,171531.94,php,Credit Card,Paid,
MD-2508-00066,INV-633541,2025-08-03,2025-08-01,2025-08-05,West,Distributor,Hospital,ACCT-7870,S. Chen,Infusion Set,Consumable,33,"3,714.70",0.5,0.0,61292.55,"$27,472.17",33820.377,USD,Check,Overdue,
MD-2603-00126,INV-266744,2026/03/22,2026/03/29,2026-04-14,Midwest,Inside Sales,University,ACCT-2276,P. Singh,Wheelchair Scale,Equipment,52,2839.490,0.1,0.09,152895.2,69534.76,83360.42,USD,Invoice,Charged Back,
MD-2411-00030,INV-656379,"Nov 13, 2024",12/18/2024,,Midwest,Distributor,Lab,ACCT-2234,J. Patel,Portable Defibrillator,Capital Equipment,43,3742.42,0,0.09,175407.23,109153.57,66253.658,PHP,Net 30,Paid,
MD-2506-00043,INV-581992,"Jun 15, 2025",16-Jun-25,"Jun 26, 2025",Midwest,Referral,Imaging Center,ACCT-5890,S. Chen,Sterile Drapes,Consumable,85,2302.4,0.2,0.07,167525.53,127549.7,39975.8,EUR,Invoice,,
MD-2405-00039,INV-644103,07-May-24,2024-05-28,21-Jun-24,West,Distributor,Clinic,ACCT-3526,J. Patel,IV Stand,Equipment,-6,$787.50,0.05,0.1,17610.86,13338.78,4272.083,EUR,Check,Refunded,
MD-2603-00259,INV-734787,03/03/2026,03/15/2026,04-04-2026,Central,Channel Partner,Government,ACCT-8133,K. Johnson,Otoscope Kit,Diagnostic,40,4027.45,0.15,0.09,149257.297,57258.96,91998.34,usd,Credit Card,Overdue,
MD-2404-00147,INV-791838,"Apr 24, 2024","Apr 16, 2024",2024-04-16,Southeast,,Clinic,ACCT-4365,P. Singh,Glucose Meter,Diagnostic,97,2076.81,0.05,0.0,191378.04,69680.91,121697.1,gbp,Check,Overdue,
MD-2407-00117,INV-881828,07-07-2024,07-15-2024,26-Jul-24,East,DistrIbutor,Lab,ACCT-8808,J. Patel,Syringe Pump,Capital Equipment,98.0,"1,537.88",,0.08,,62560.63,67654.741,USD,Credit Card,Refunded,
MD-2410-00216,INV-511346,10/05/2024,09-28-2024,,Northwest,Inside Sales,Retail Pharmacy,ACCT-7086,T. Garcia,,Accessory,-2,3570.1,0.2,0.09,52923.6,19797.59,,GBP,Check,Paid,
MD-2401-00145,INV-557250,30-Jan-24,01-25-2024,01-25-2024,Southeast,Online,Government,ACCT-6237,E. Davis,Glucose Meter,Diagnostic,9,2879.49,0.1,0.09,24010.6,13364.53,"10,646.10",usd,Invoice,Overdue,
MD-2510-00085,INV-264550,"Oct 18, 2025",2025/10/30,2025/11/14,East,Distributor,Lab,ACCT-4850,M. Rivera,Compression Sleeve,Accessory,115,4741.55,$0.00,0.000,545278.2,,"$203,573.39",GBP,Check,Refunded,
MD-2509-00028,INV-836833,28-Sep-25,25-Oct-25,30-Nov-25,North,Referral,Hospital,ACCT-7163,T. Garcia,Syringe Pump,Capital Equipment,78,"4,460.46",0.1,$0.00,"$313,124.29",133885.344,179238.948,EUR,Invoice,Paid,
MD-2406-00238,INV-282973,06-11-2024,06/21/2024,10-Jul-24,Northwest,Distributor,Government,ACCT-8925,T. Garcia,Aspirator Unit,Equipment,27,1682.22,0.3,0.1,31884.8,18193.77,"$13,691.03",php,Credit Card,Charged Back,
MD-2405-00018,INV-591465,05-25-2024,17-May-24,05-17-2024,Northeast,Inside Sales,Retail Pharmacy,ACCT-1423,M. Rivera,Infusion Set,Consumable,102.0,1484.8,0.500,0.07,81028.26,43660.945,37367.32,EUR,Net 30,Pending,
MD-2411-00098,INV-662146,2024/11/19,"Dec 03, 2024",23-Dec-24,Northwest,Distributor,Imaging Center,ACCT-8925,L. Brown,ECG Lead Set,Accessory,20,"2,052.03",0.5,0.07,"$21,956.72",10151.9,11804.81,GBP,Wire,ChArged Back,
MD-2502-00278,INV-838552,02/17/2025,02/08/2025,02-08-2025,Central,Online,Lab,ACCT-8210,L. Brown,Otoscope Kit,Diagnostic,83,"$3,868.12",0.25,0.07,257645.8,92334.1,165311.67,EUR,Credit Card,Overdue,
MD-2508-00193,INV-276578,2025/08/09,2025-08-19,2025-09-01,South,Inside Sales,Private Practice,ACCT-3200,S. Chen,Thermometer Probe,Accessory,96,1015.21,0.20,0.07,83425.9,29429.380,53996.52,php,Net 30,Paid,backordered item
MD-2509-00218,INV-249550,17-Sep-25,"Oct 13, 2025",2025-11-10,Southeast,Online,University,ACCT-8548,L. Brown,Ultrasound Gel,Consumable,-22,3017.9,0.250,0.00,165227.835,115003.92,50223.91,GBP,Net 30,Partially Paid,
MD-2501-00077,INV-992647,"Jan 17, 2025","Jan 08, 2025",2025-01-08,East,Direct,University,ACCT-8605,N. Ahmed,Infusion Set,Consumable,9,1501.660,0.3,0.08,9487.49,3874.02,5613.47,usd,Bank Transfer,Pending,
MD-2402-00162,INV-792956,02-18-2024,"Mar 12, 2024",06-Apr-24,Midwest,Channel Part_er,Private Practice,ACCT-7819,L. Brown,Patient Monitor,Capital Equipment,66,527.34,0.20,$0.08,30071.04,11746.60,18324.44,,Credit C_rd,Charged Back,
MD-2602-00191,INV-420704,2026/02/16,23-Feb-26,2026/03/12,Southwest,Distributor,Lab,ACCT-7131,E. Davis,Compression Sleeve,Accessory,20,"$2,659.06",0,0.07,"56,903.88",29225.47,"27,678.41",USD,Invoice,Refunded,
MD-2409-00246,INV-181242,"Sep 22, 2024",2024/09/26,2024-10-01,So-thwest,Referral,Government,ACCT-6902,K. Johnson,Otoscope Kit,Diagnostic,70,3451.31,0.50,0.1,"$126,835.64","63,466.49",63369.15,PHP,Check,Refunded,
MD-2501-00134,INV-763529,2025/01/28,02-27-2025,04/02/2025,,Channel Partner,Government,ACCT-8361,A- Khan,IV Stand,Equipment,90,1879.82,0.00,0.1,181026.67,,"79,797.18",EUR,,Charged Back,
MD-2501-00155,INV-794391,2025-01-06,01-24-2025,02-17-2025,West,Referral,Clinic,ACCT-8248,T. G-rcia,IV Stand,Equipment,3.0,3102.160,0.50,0.0,4653.24,3312.33,1340.91,eur,ACH,Refunded,
MD-2406-00073,INV-706135,06-19-2024,2023-11-23,07/25/2024,East,Direct,Cl_nic,ACCT-2228,N. Ahmed,Nebulizer Mask,Accessory,45,2626.36,0,0.080,"$127,641.10",87964.36,39676.74,GBP,Wire,Overdue,
MD-2510-00036,INV-485896,2025/10/24,2025/10/24,10-29-2025,Southeast,Distributor,Government,ACCT-2293,T. Garcia,Otoscope Kit,Diagnostic,111,3750.67,0.150,0.07,378647.01,"$152,793.25",225853.76,EUR,Invoice,Charged Back,
MD-2410-00093,INV-827143,"Oct 18, 2024",11/14/2024,"Dec 13, 2024",Northwest,Inside Sales,Lab,ACCT-5533,K. Johnson,Blood Pressure Cuff,Accessory,41,"2,338.30",0.15,0.09,88823.83,"56,274.48",32549.4,PHP,Credit Card,Charged Ba_k,
MD-2410-00131,INV-768387,22-Oct-24,2024/11/07,"Nov 30, 2024",Central,Direct,Imaging Center,ACCT-4193,N. Ahmed,Sterile Drapes,Consumable,,"$3,281.61",$0.00,0.000,"223,149.48",166160.72,"56,988.76",usd,Check,Partially Paid,
MD-2501-00257,INV-489287,"Jan 15, 2025","Feb 08, 2025",07-Mar-25,Southeast,Referral,Private Practice,ACCT-8763,A. Khan,Ultrasound Gel,ConsUmable,38,2517.33,$0.05,0.090,"99,054.42",75217.77,23836.7,,Bank Transfer,Refunded,
MD-2411-00224,INV-841947,"Nov 26, 2024",2024-11-27,"Nov 30, 2024",NortheAst,Referral,Lab,ACCT-4175,N. Ahmed,Pulse Oximeter,Accessory,4,"2,106.37",,0.05,4423.38,"$1,601.09",2822.28,usd,Bank Transfer,Overdue,
MD-2409-00252,INV-981529,09/26/2024,23-Oct-24,11-26-2024,Southeast,Channel Partner,Clinic,ACCT-5706,T. Garcia,Portable Defibrillator,Capital Equipment,82,1681.59,0.35,0.05,94110.2,68464.46,25645.7,USD,Net 30,Ref-nded,
MD-2402-00192,INV-478970,02-29-2024,03-29-2024,05-04-2024,North,Online,Private Practice,ACCT-3644,A. Khan,Specimen Container,Consumable,95,1193.64,0.25,0.00,85046.850,63464.64,21582.2,EUR,Wire,Charged Back,
MD-2412-00123,INV-920347,13-Dec-24,12-25-2024,15-Jan-25,North,Distributor,Government,ACCT-2838,K. Johnson,Infusion Set,ConsumabLe,74,2912.04,0.0,0.09,"234,885.15",94011.18,140873.97,PHP,Bank Transfer,Charged Back,price override
MD-2508-00283,INV-941356,08/01/2025,07-20-2025,07-20-2025,Central,Distributor,Private Practice,ACCT-3975,K. Johnson,Aspirator Unit,Equipment,20,683.38,0.25,0.0,10250.70,3857.42,,EUR,ACH,,
MD-2601-00015,INV-355709,2026/01/18,"Feb 12, 2026","Mar 14, 2026",Northeast,Online,Government,ACCT-5526,N. Ahmed,Sterile Drapes,Consumable,110,1187.430,,0.07,139760.511,101899.59,37860.93,GBP,ACH,Overdue,
MD-2511-00115,INV-587546,11-10-2025,2025-12-01,2025-12-23,Northeast,Referral,Government,ACCT-4787,T. Garcia,Thermometer Probe,Accessory,22.0,299.81,0.1,0.09,,3187.21,3642.76,PHP,Net 30,Overdue,
MD-2510-00188,INV-282055,2025-10-01,2025/10/02,10-12-2025,Mi_west,Referral,Univ_rsity,ACCT-9185,M. Rivera,Nebulizer Mask,Accessory,55,590.41,0.050,0.0,30848.92,"15,527.12","15,321.80",PHP,Invoice,Paid,
MD-2503-00044,INV-829988,28-Mar-25,04/26/2025,2025-05-30,Northwest,Direct,Lab,ACCT-8739,M. Rivera,Glucose Meter,Diagnostic,28,979.500,0.35,0.07,19074.78,14328.98,"$4,745.80",PHP,Check,Paid,
MD-2411-00017,INV-336650,"Nov 07, 2024",2024/10/31,2024/10/31,Southeast,Inside Sales,Clinic,ACCT-4457,L. Brown,ECG Lead Set,Acce_sory,72.0,3672.16,0.5,0.090,144095.56,99428.61,44666.95,PHP,Bank Transfer,Charged Back,
MD-2502-00112,INV-332665,02/10/2025,29-Jan-25,2025-01-29,Central,Channel Partner,Hospital,ACCT-5341,K. Johnson,IV Stand,Equipment,77.0,$90.06,0.00,0.1,7420.0,2617.97,4802.07,USD,Net 30,Overdue,
MD-2503-00152,INV-411762,"Mar 22, 2025",2025/03/22,03/30/2025,Northwest,Channel Partner,Clinic,ACCT-7997,S. Chen,Pulse Oximeter,Accessory,108,4083.400,0.05,0.1,448283.82,208011.2,240272.64,GBP,Check,Charged Back,duplicate review
MD-2503-00185,INV-851589,03-18-2025,2025/04/20,31-May-25,West,Direct,Lab,ACCT-9043,E. Davis,Infusion Set,Consumable,78,2765.54,0.100,0.09,211613.59,92534.035,"119,079.55",EUR,Wire,Refunded,
MD-2411-00118,INV-513296,"Nov 28, 2024",12-15-2024,"Jan 05, 2025",Northwest,Referral,Imaging Center,ACCT-5025,N. Ahmed,Specimen Container,Consumable,52,3728.52,0.50,0.08,104696.84,69067.08,35629.76,PHP,Wire,Partially Paid,
MD-2501-00014,INV-427110,"Jan 12, 2025",01-10-2025,2025/01/18,Northeast,Channel Partner,Clinic,ACCT-2983,P. Singh,ECG Lead Set,Accessory,100,3934.81,$0.10,0.0,354132.9,212066.98,142065.92,PHP,Wire,Partially Paid,
MD-2507-00069,INV-970708,07/17/2025,07/20/2025,07/25/2025,Northeast,Referral,CLinic,ACCT-8265,J. Patel,Wheelchair Scale,Equipment,14,3861.060,0,0.0,54054.840,19197.116,34857.72,USD,Bank TransFer,Refunded,
MD-2405-00120,INV-737517,2024/05/14,05/14/2024,05/15/2024,Northwest,Inside Sales,Government,ACCT-4401,A. Khan,Thermometer Probe,Acces-ory,2,"$2,207.98",0.25,0.09,3610.05,2516.94,1093.1,GBP,ACH,Paid,
MD-2501-00268,INV-292864,01-26-2025,15-Feb-25,,South,Direct,Government,ACCT-4993,A. Khan,Sterile Drapes,Consumable,-3,3060.72,0.1,0.08,354027.36,184914.87,169112.490,eur,Net 30,Charged Back,
MD-2504-00182,INV-563143,04/23/2025,08-May-25,05-30-2025,South,Channel Partner,Government,ACCT-2168,K. J-hnson,Otoscope Kit,Diagnostic,103,2394.24,0.1,0.08,239701.73,86443.35,153258.38,usd,Net 30,Refunded,
MD-2407-00090,INV-331942,07/07/2024,07-28-2024,20-Aug-24,Midwest,Channel Partner,Hospital,ACCT-4937,P. Singh,Aspira_or Unit,Equipment,21,2003.48,0.35,0.08,29535.302,11505.08,18030.221,php,Check,Partially Paid,
MD-2411-00059,INV-725397,11/16/2024,"Nov 11, 2024",2024/11/11,Northeast,Referral,Private Practice,ACCT-3298,J. Patel,IV stand,Equipment,15,888.42,0.000,0.1,14525.67,7510.339,"7,015.33",USD,Net 30,Refunded,
MD-2403-00220,INV-766566,03/04/2024,2024-03-15,04/02/2024,South,Referral,Lab,ACCT-1880,M. Rivera,Glucose Meter,Diagnostic,28,270.9,0,0.08,8192.621,3818.05,4374.6,GBP,Check,Partially Paid,
MD-2503-00081,INV-114760,15-Mar-25,"Mar 28, 2025",04/17/2025,North,Distributor,Government,ACCT-6015,J- Patel,Glucose Meter,Diagnostic,50,34.36,0.35,0.1,1172.54,778.78,393.76,USD,Wire,Paid,
MD-2403-00187,INV-807835,"Mar 20, 2024",04/19/2024,2024/05/20,North,Referral,Clinic,ACCT-1858,P. SIngh,Thermometer Probe,Accessory,20,2121.87,0.00,0.05,"44,559.27",29284.23,15275.04,USD,Credit Card,Overdue,
MD-2407-00122,INV-904291,2024-07-25,2024-08-26,10-02-2024,Midwest,Channel Partner,Lab,ACCT-8849,E. Davis,Thermometer Probe,Accessory,102,336.8,0.100,0.09,33700.88,19765.47,13935.41,,Check,Ov-rdue,
MD-2403-00251,INV-871250,"Mar 21, 2024",04-25-2024,2024-06-03,,Direct,University,ACCT-1583,A. Khan,Pulse Oximeter,Accessory,42,762.41,0.1,0.07,29123.3,"$15,871.89",13251.4,,Credit Card,Charged Back,
MD-2602-00057,INV-659054,2026/02/26,2026-03-01,2026-03-10,South,Channel Partner,Lab,ACCT-9199,,Infusion Set,Consumable,83,"2,945.50",0.50,0.080,"132,017.31",101089.5,30927.855,PHP,Credit Card,Paid,duplicate review
MD-2406-00033,INV-349068,2024/06/15,"Jun 14, 2024",23-Jun-24,Southeast,Inside Sales,Imaging Center,ACCT-7256,N. Ahmed,Infusion Set,Consumable,93,2107.58,0.2,$0.07,167780.23,107519.62,60260.61,USD,Check,Pending,
MD-2601-00176,INV-575976,2026-01-16,2026/01/21,01-30-2026,North,Inside Sales,Imaging Center,ACCT-1712,S. C_en,Syringe Pump,Capital Equipment,89,"3,256.99",0.5,0.07,155081.58,"99,669.78",55411.80,php,,Charged Back,
MD-2407-00244,INV-464699,2024-07-29,"Aug 10, 2024",25-Aug-24,Central,Direct,Retail Pharmacy,ACCT-1935,M. Rivera,Specimen Container,Consumable,-25,262.22,0.1,0.00,16283.86,9491.312,6792.55,USD,Wire,Pending,
MD-2512-00064,INV-157219,12/08/2025,2025/11/27,2025/11/27,South,Direct,University,ACCT-7895,K. Johnson,Blood Pressure Cuff,,67.0,2917.97,0.05,0.080,-200587.09,95696.71,104890.38,EUR,Check,Paid,
MD-2503-00211,INV-865263,03-28-2025,2025/03/30,07-Apr-25,East,Distributor,Private Practice,ACCT-3955,L. Brown,Thermometer Probe,Accessory,27,2797.01,0.200,0.05,"63,436.19",34369.98,,eur,INvoice,Paid,
MD-2503-00222,INV-791646,03-14-2025,03-25-2025,,Central,Direct,,ACCT-7738,M. Rivera,Compression Sleeve,Accessory,,790.80,0.200,0.08,52610.342,24861.649,"27,748.69",USD,Invoice,Charged Back,
MD-2603-00239,INV-164934,"Mar 01, 2026",04-Apr-26,2026-05-12,North,Online,Private Practice,ACCT-7187,J. Patel,ECG Lead Set,Accessory,116.0,"4,229.06",0.2,0.08,"423,853.31",316458.0,107395.28,USD,Bank Transfer,Refunded,
MD-2405-00092,INV-933635,05-19-2024,06-23-2024,04-Aug-24,North,Direct,University,ACCT-9397,J. Patel,Compression Sleeve,Accessory,38,4609.12,0,0.07,187406.819,120171.7,67235.14,usd,Check,Pending,
MD-2408-00139,INV-419644,08/11/2024,08-07-2024,2024/08/09,,Inside Sales,Retail Pharmacy,ACCT-8607,A. Khan,IV Stand,Equi-ment,31,3112.9,0.00,0.0,96499.9,53683.54,42816.36,PHP,Credit Card,PartiaLly Paid,
MD-2401-00260,INV-829283,01-14-2024,09-Feb-24,11-Mar-24,North,Referral,Imaging Center,ACCT-9938,M. Rivera,Patient Monitor,Capital Equipment,83,1328.470,0.25,0.08,89313.04,32946.19,56366.84,,Invoice,Charged Back,
MD-2508-00061,INV-787757,08/09/2025,18-Nov-23,08/28/2025,West,Distributor,Imaging Center,ACCT-7786,T. Garcia,ECG Lead Set,Accessory,18,4621.750,0.2,0.00,,51696.47,14856.73,EUR,Wire,Partially Paid,split shipment
MD-2401-00232,INV-596846,"Jan 22, 2024",2024-01-21,2024/01/25,West,Direct,Lab,ACCT-3401,M. Rivera,Pulse Oximeter,Accessory,22,3264.02,0.000,0.09,78271.20,39246.88,39024.3,GBP,Net 30,Paid,
MD-2404-00095,INV-494956,04-15-2024,2024/05/18,29-Jun-24,Northwest,Channel Partner,Lab,ACCT-6653,E. Davis,Thermometer ProBe,Accessory,107,"3,564.26",0.50,0.09,207849.82,123705.74,84144.079,USD,ACH,,
MD-2601-00111,INV-287588,"Jan 12, 2026",01-14-2026,"Jan 25, 2026",Northeast,Channel Partner,Retail Pharmacy,ACCT-3955,N. Ahmed,Nebulizer Mask,Accessory,25,936.66,0.05,0.090,24247.79,15006.707,9241.08,GBP,ACH,Overdue,
MD-2408-00062,INV-656657,2024/08/04,23-Aug-24,09-16-2024,,,Retail Pharmacy,ACCT-3161,L. Brown,Sterile Drapes,Consumable,107,"1,369.84",0.350,0.09,103846.89,"42,177.99",61668.9,USD,Credit Card,,manual entry
MD-2408-00094,INV-255852,05-Aug-24,2024/07/26,07/26/2024,Northwest,Inside Sales,University,ACCT-3717,N. Ahmed,Thermometer Probe,Accessory,70,4292.4,$0.35,0.08,"210,928.54",133133.98,"77,794.56",GBP,Net 30,Paid,
MD-2509-00067,INV-357034,09/29/2025,2025-10-02,2025/10/13,North,Referral,Hospital,ACCT-6038,M. Rivera,Otoscope Kit,Diagnostic,76,"$4,665.25",0.05,0.09,367145.845,248560.44,118585.408,GBP,Bank Transfer,Partially Paid,
MD-2508-00100,INV-702833,2025-08-19,29-Aug-25,09/14/2025,Northeast,Channel Partner,Government,ACCT-5098,E. Davis,Thermometer Probe,Accessory,29,2915.3,,$0.08,-86740.94,65036.36,21704.58,USD,ACH,Paid,
MD-2401-00148,INV-294118,2024/01/05,02-08-2024,2024-03-15,East,Inside Sales,Clinic,ACCT-8633,M. Rivera,Blood Pressure Cuff,Accessory,118,2426.090,0.250,0.07,229738.59,149375.38,"80,363.21",EUR,Credit Card,,
MD-2412-00271,INV-767331,2024-12-08,"Dec 25, 2024",01/14/2025,East,Direct,Hospital,ACCT-8731,,ECG Lead Set,Accessory,50.0,2789.8,0.200,0.08,"120,519.36",63444.565,57074.79,usd,Credit Card,Pending,
MD-2406-00103,INV-923481,2024/06/29,13-Jul-24,04-Aug-24,Southwest,Direct,Government,ACCT-8370,K. Johnson,Ultrasound Gel,Consumable,115,4078.88,0.35,0.1,332336.95,219289.5,113047.42,USD,ACH,Paid,
MD-2601-00254,INV-929783,2026/01/20,2026-01-23,,Central,Referral,Clinic,ACCT-7565,J. Patel,Patient Monitor,Capital Equipment,109,,0.35,0.0,7644.72,"$4,324.19",3320.5,GBP,Invoice,Paid,price override
MD-2403-00133,INV-100909,2024-03-15,03-07-2024,2024/03/09,Central,Inside Sales,Imaging Center,ACCT-2148,N. Ahmed,Thermometer Probe,Accessory,100,2146.88,0.25,$0.05,169066.8,106635.86,62430.943,USD,ACH,Pending,
MD-2501-00048,INV-512151,"Jan 19, 2025",01/12/2025,01-14-2025,West,Online,Retail Pharmacy,ACCT-5055,E. Davis,Ultrasound Gel,Consumable,84,4131.05,0,,"364,358.61","$283,078.99",,PHP,Bank Transfer,Pending,
MD-2505-00106,INV-107568,"May 18, 2025",05-Jun-25,06/28/2025,Northeast,Distributor,Retail Pharmacy,ACCT-2297,T. Garcia,Syringe Pump,Capital Equipment,99,2072.9,0.10,0.09,-201319.92,"90,477.72","$110,842.19",EUR,Check,Pending,
MD-2409-00050,INV-969695,09/18/2024,2024-09-19,26-Sep-24,Northeast,Direct,Lab,ACCT-6455,,Pulse Oximeter,Accessory,119,2165.58,0.15,0.00,219048.42,127118.9,91929.52,GBP,Net 30,Refunded,
MD-2403-00213,INV-545901,03/27/2024,03-17-2024,03-17-2024,Central,Direct,University,ACCT-2251,A. Khan,Ultrasound Gel,Consumable,23,2064.27,0.15,$0.09,43988.562,18826.54,"25,162.02",USD,ACH,Refunded,
MD-2407-00282,INV-813447,07/29/2024,08/10/2024,2024-09-01,Southeast,Online,Clinic,ACCT-5182,N. Ahmed,ECG Lea_ Set,Accessory,12,"$4,652.74",0.35,0.09,"39,557.60",26169.05,13388.55,,Net 30,Paid,duplicate review
MD-2505-00143,INV-567636,05-May-25,2025-04-25,25-Apr-25,North,Channel Partner,Government,ACCT-8298,M. Rivera,Compression Sleeve,Accessory,-7,1487.100,0.2,0.090,19451.268,,5610.19,EUR,Credit Card,Charged Back,
MD-2404-00107,INV-115440,2024/04/14,04/20/2024,01-May-24,Northeast,Online,University,ACCT-3393,A. Khan,Ultrasound Gel,Consumable,92,,0,0.05,203936.124,79287.25,124648.88,USD,Invoice,Pending,
MD-2511-00195,INV-344903,"Nov 07, 2025",2025/11/07,2025/11/08,Northwest,Inside Sales,Clinic,ACCT-4196,J. Patel,Sterile Drapes,Consumable,3,3046.5,0,0.07,9779.361,"$6,273.55",3505.81,USD,Wire,Charge_ Back,
MD-2411-00124,INV-790995,11-14-2024,04-Nov-24,,Northwest,Distributor,Government,ACCT-2927,L. Brown,Pulse Oximeter,Accessory,43.0,2247.4,0.00,0.00,"$96,638.20",55455.68,41182.52,USD,Wire,Paid,
MD-2506-00275,INV-158693,2025/06/03,"May 26, 2025","May 26, 2025",West,Distributor,Lab,ACCT-3907,A. Khan,Compression Sleeve,Accessory,69,"4,065.55",0.35,0.00,182339.92,139907.23,42432.686,usd,Wire,Refunded,
MD-2507-00006,INV-161483,07/07/2025,2023-12-12,2025-06-25,Northeast,Inside Sales,Imaging Center,ACCT-1958,P. Singh,Portable Defibrillator,Capital Equipment,22,"$1,957.91",0.2,0.05,"$33,920.79","$24,484.02",9436.78,GBP,C_eck,Partially Paid,
MD-2405-00197,INV-955793,09-May-24,05/30/2024,2024/06/30,Southeast,Referral,Hospital,ACCT-3022,L. Brown,Portable Defibrillator,Capital Equipment,14,1904.76,0.35,0.08,"18,719.98",9095.07,9624.91,USD,Invoice,Refunded,
MD-2501-00215,INV-978116,"Jan 21, 2025",02/24/2025,2025-03-31,East,DireCt,Imaging Center,ACCT-5907,E. Davis,Specimen Container,Consumable,48,,0,0.1,-123.45,5411.32,8764.78,GBP,Net 30,,
MD-2407-00004,INV-612340,2024-07-22,2024-07-19,22-Jul-24,Central,Channel Partner,Imaging Center,ACCT-9727,J. Patel,Infusion Set,Consumable,70.0,4577.4,0.35,0.00,208269.88,126533.57,81736.31,GBP,Bank Transfer,Partially Paid,
MD-2402-00228,INV-890303,10-Feb-24,2024/02/19,2024-02-29,Southwest,Direct,Imaging Center,ACCT-2989,K. Johnson,Pulse Oximeter,Accessory,61,467.43,0.20,$0.07,-24407.32,11425.3,12982.02,USD,Invoice,Ove_due,
MD-2603-00056,INV-691240,03/11/2026,"Mar 14, 2026","Mar 23, 2026",East,Referral,Imaging Center,ACCT-2133,T. Garcia,Nebulizer Mask,Accessory,36,3921.380,0.2,0.1,120841.2,48212.25,72629.0,USD,Net 30,Partially Paid,split shipment
MD-2510-00258,INV-207978,10-01-2025,10/14/2025,01-Nov-25,East,Channel Partner,University,ACCT-5542,P. Singh,Compression Sleeve,Accessory,70,"3,083.98",0.05,0.0,205084.67,124042.35,"$81,042.32",EUR,ACH,Paid,
MD-2503-00113,INV-143182,02-Mar-25,"Feb 25, 2025","Feb 25, 2025",East,Distrib_tor,Clinic,ACCT-7460,J. Patel,,Capital Equipment,82,3734.28,0.20,0.00,244968.8,117843.9,127124.86,gbp,Check,Refunded,
MD-2405-00200,INV-834781,2024-05-08,2024/05/02,"May 02, 2024",Southwest,Direct,Clinic,ACCT-2922,J. Patel,Pulse Ox-meter,Accessory,-20,4363.7,0.35,,273997.98,143655.0,130342.997,EUR,Wire,Partially Paid,
MD-2407-00207,INV-238722,2024/07/22,2024-08-09,29-Aug-24,West,Channel Partner,Retail Pharmacy,ACCT-4791,S. Chen,Aspirator Unit,Equipment,79,879.53,0.500,0.05,"$36,478.51","$16,365.54","$20,112.96",USD,Net 30,Pending,
MD-2602-00057,INV-447704,2026/02/26,2026-03-01,2026-03-10,South,Channel Partner,Lab,ACCT-9199,,Infusion Set,Consumable,83,"2,945.50",0.50,0.080,"132,017.31",101089.5,30927.855,PHP,Credit Card,Paid,
MD-2401-00178,INV-170825,"Jan 27, 2024",02/13/2024,"Mar 10, 2024",East,Inside Sales,Private Practice,ACCT-1991,J. Patel,Sterile Drapes,Consumable,76,933.60,0.00,0.00,70953.600,,27961.0,USD,Invoice,Refunded,
MD-2506-00210,INV-929026,2025-06-30,07-03-2025,07/11/2025,,Online,University,ACCT-9999,L. Brown,Patient Monitor,Capital Equipment,82.0,721.29,0.10,0.05,55892.8,26062.07,29830.69,USD,Wire,Charged Back,
MD-2511-00127,INV-814622,07-Nov-25,04-Nov-25,"Nov 09, 2025",Central,Referral,Clinic,ACCT-9362,T. Garcia,Compression Sleeve,Accessory,38,1879.24,0.50,0.08,38562.005,16741.18,21820.825,GBP,Bank Transfer,Refunded,
MD-2407-00007,INV-888387,2024-07-28,2024-08-27,2024/10/02,Northwest,Direct,Private Practice,ACCT-5002,K. Johnson,Portable Defibrillator,Capital Equipment,34,1907.02,0.1,0.08,"$63,023.20",30626.51,32396.68,PHP,Net 30,Overdue,price override
MD-2512-00071,INV-297377,2025/12/15,"Dec 25, 2025",14-Jan-26,East,,Imaging CeNter,ACCT-6582,J. Patel,,Capital Equipment,91,3366.29,0.5,0.09,166951.153,68634.28,98316.868,usd,Bank Transfer,Charged Back,
MD-2503-00280,INV-170369,03-23-2025,2025-03-13,"Mar 13, 2025",South,Channel Partner,Clinic,ACCT-4127,M. Rivera,Sterile Drapes,Consumable,102,"$2,591.82",0.1,0.09,259342.7,127989.15,131353.55,USD,,Overdue,
MD-2502-00040,INV-313933,19-Feb-25,"Feb 26, 2025",03/13/2025,Midwest,Online,University,ACCT-4960,E. Davis,Pulse Oximeter,Accessory,89,298.86,0.25,0.08,21544.82,12026.92,"9,517.90",gbp,Net 30,Refunded,
MD-2512-00141,INV-815551,"Dec 14, 2025",12/11/2025,2025/12/16,Midwest,Direct,Lab,ACCT-6503,T. Garcia,Ultrasound Gel,Consumable,112,989.980,0.0,0.07,118639.20,62773.28,"55,865.92",USD,Credit Card,Pending,
MD-2412-00063,INV-207402,2024-12-17,12-Dec-24,14-Dec-24,Central,Distributor,,ACCT-3688,E. Davis,Ultrasound Gel,Consumable,62.0,351.13,0.20,0.00,17416.05,11568.23,5847.817,USD,Credit Card,Charged Back,
MD-2401-00011,INV-760356,"Jan 26, 2024",01/16/2024,01-16-2024,Northeast,Referral,Clinic,ACCT-9486,E. Davis,Glucose Meter,Diagnostic,79,4080.54,0,0.08,348151.7,183897.07,164254.6,PHP,ACH,Charged Back,
MD-2404-00114,INV-125382,01-Apr-24,03/27/2024,29-Mar-24,Northwest,Channel Partner,Lab,ACCT-2405,M. Rivera,Specimen Container,Consumable,47,1679.7,0.15,0.070,71801.30,43466.15,"28,335.15",USD,Check,Charged Back,typo in region
MD-2407-00282,INV-227615,07/29/2024,08/10/2024,2024-09-01,Southeast,Online,Clinic,ACCT-5182,N. Ahmed,ECG Lea_ Set,Accessory,12,"$4,652.74",0.35,0.09,"39,557.60",26169.05,13388.55,,Net 30,Paid,
MD-2407-00065,INV-865416,07/27/2024,2024-07-24,07/30/2024,South,Channel Partner,Private Practice,ACCT-1185,J. Patel,Sterile Drapes,Consumable,51,2819.86,0,$0.07,153879.76,100088.11,53791.651,USD,Check,Partially Paid,priority customer
MD-2406-00022,INV-583550,06-28-2024,21-Jun-24,2024/06/24,Central,Inside Sales,Privat- Practice,ACCT-7951,L. Brown,Nebulizer Mask,Accessory,80,3282.85,0.25,,214698.39,88357.108,,PHP,Check,Overdue,rebate applied
MD-2501-00146,INV-916639,2025/01/06,2024/12/31,03-Jan-25,East,Distributor,Clinic,ACCT-2909,J. Patel,Otoscope Kit,Diagnostic,106,700.12,0.00,0.09,,38100.85,"42,791.02",USD,Net 30,Paid,
MD-2512-00158,INV-684056,2025-12-10,2025-12-23,09-Jan-26,West,Channel Partner,Hospi_al,ACCT-7466,K. Johnson,Neb-lizer Mask,Accessory,91,"$2,038.72",0.5,0.070,99255.08,37857.27,61397.81,USD,ACH,Partially Paid,
MD-2601-00247,INV-702343,01-13-2026,"Jan 10, 2026",01-14-2026,Northeast,Channel Partner,Imaging Center,ACCT-5801,S. Chen,Pulse Oximeter,Accessory,10,4601.900,0.05,0.090,"$47,652.67",26995.4,"$20,657.28",EUR,ACH,Pending,
MD-2506-00205,INV-471083,2025-06-11,2025-06-01,01-Jun-25,,Inside Sales,Private Practice,ACCT-1113,J. Patel,Glucose Meter,Diagnostic,8,1715.30,0.5,0.08,7410.096,"3,640.41",3769.68,php,Bank Transfer,Refunded,
MD-2504-00209,INV-275044,"Apr 04, 2025",02-May-25,06-01-2025,East,Direct,Retail Pharmacy,ACCT-9412,M. Rivera,Specimen Container,Consumable,9.0,"2,323.75",0.35,0.09,14817.39,10225.2,4592.197,GBP,Invoice,Partially Paid,
MD-2501-00189,INV-895807,2025-01-26,15-Feb-25,03/11/2025,Northeast,Direct,Lab,ACCT-1621,S. Chen,Aspirator Unit,Equipment,76,3385.76,0.0,0.05,270183.65,97028.83,,USD,Bank Transfer,Charged Back,
MD-2401-00217,INV-836789,01-09-2024,2024-01-19,03-Feb-24,Northeast,Channel Partner,Retail Pharmacy,ACCT-1612,L. Brown,Nebulizer Mask,Accessory,65,945.10,0.2,0.07,52585.4,40425.3,12160.06,USD,Bank Transfer,Refund_d,
MD-2503-00027,INV-820184,2025/03/01,2025-04-04,2025-05-10,South,Referral,Hospital,ACCT-6400,M. Rivera,Sterile Drapes,Consumable,55,1508.36,$0.10,0.1,"79,890.29",60720.2,19170.09,GBP,Invoice,Refunded,
MD-2509-00099,INV-502995,2025/09/06,"Sep 21, 2025",10-08-2025,Southwest,Direct,Imaging Center,ACCT-9489,L. Brown,Pulse Oximeter,Accessory,34,1073.84,0,$0.09,39796.51,14574.867,25221.64,USD,Wire,Partially Paid,
MD-2407-00035,INV-632280,"Jul 10, 2024",2024-08-09,2024/09/10,Sout-east,Direct,Lab,ACCT-6447,J. Pa-el,Aspirator Unit,Equipment,47,336.05,$0.35,0.09,11190.297,6357.78,"$4,832.52",usd,Net 30,Partially Paid,
MD-2507-00242,INV-676239,07/19/2025,12-10-2023,2025/08/25,South,Online,Hospital,ACCT-1164,S. Chen,Nebulizer Mask,Accessory,99,"$1,818.17",$0.00,0.080,194398.74,126665.41,67733.33,USD,ACH,Paid,
MD-2408-00091,INV-175623,08-03-2024,09-02-2024,10/06/2024,North,Di-ect,Lab,ACCT-8391,,Specimen Container,Consumable,107,509.6,0.35,$0.08,38278.09,"$24,039.46",14238.64,USD,ACH,Paid,
MD-2412-00137,INV-130477,2024/12/08,"Jan 04, 2025",2025-02-08,South,Channel Partner,University,ACCT-4731,M. Rivera,Patient Monitor,Capital Eq_ipment,14,"3,557.12",0.35,0.05,33988.282,14205.729,"19,782.55",USD,Bank Transfer,Paid,manual entry
MD-2407-00088,INV-698357,07-01-2024,07-21-2024,2024/08/19,Southwest,,PRivate Practice,ACCT-3636,L. Brown,SteriLe Drapes,Consumable,91,564.6,0.15,0.09,47598.900,26491.6,21107.3,PHP,ACH,Charged Back,
MD-2509-00184,INV-597840,2025-09-14,08-Oct-25,"Nov 08, 2025",Southeast,Distributor,Hospital,ACCT-1439,J. Patel,Nebulizer Mask,Accessory,27,4554.340,,0.09,134034.23,69183.984,64850.24,eur,Credit Card,Pending,
MD-2511-00038,INV-834233,11-14-2025,11/24/2025,06-Dec-25,Southwest,Distributor,University,ACCT-3126,P. Singh,Compression Sleeve,Accessory,70,1402.2,0.10,0.05,"$92,758.84",60857.025,31901.8,gbp,Bank Transfer,Partially Paid,
MD-2405-00068,INV-385166,05/13/2024,2024-05-16,05/24/2024,East,Distributor,University,ACCT-4401,E. Davis,Thermometer Probe,Accessory,109,"$1,520.26",0.2,0.07,"$141,846.34",69045.81,72800.53,PHP,Invoice,Refunded,
MD-2511-00219,INV-210412,29-Nov-25,2025/11/19,11/19/2025,Northwest,Inside Sales,University,ACCT-8616,M. Rivera,Patient Monitor,Capital Equipment,95,3797.35,0.35,0.0,234486.36,97654.603,136831.76,usd,Bank Transfer,Paid,
MD-2505-00267,INV-807784,16-May-25,2023/12/26,"Jun 25, 2025",Central,Direct,Hospital,ACCT-1599,N. Ahmed,Patient Monitor,Capital Equipment,114,2881.58,0.15,0.07,298770.86,159260.43,139510.43,GBP,Credit Card,Charged Back,
MD-2602-00170,INV-487538,"Feb 03, 2026",01-Feb-26,2026-02-08,Southwest,Online,Private Practice,ACCT-1797,L. Brown,Otoscope Kit,Diagnostic,118,4569.320,0.5,0.1,291157.07,115718.79,175438.280,GBP,Bank Transfer,Refunded,
MD-2407-00262,INV-692487,14-Jul-24,2024/08/18,09/25/2024,West,Online,Clinic,ACCT-6715,N. Ahmed,,Equipment,7,"1,828.14",0.1,0.05,12093.15,5683.23,"6,409.92",GBP,Wire,Pending,
MD-2403-00154,INV-194693,2024/03/26,04-03-2024,04/21/2024,West,Direct,Government,ACCT-3003,K. Johnson,IV Stand,Equipment,-16,316.43,0.2,0.070,30065.91,19206.7,10859.2,USD,ACH,Overdue,
MD-2401-00183,INV-640882,"Jan 13, 2024","Jan 31, 2024",2024/02/27,Southeast,Distributor,Retail Pharmacy,ACCT-1493,K. Johnson,Ultrasound Gel,Consumable,111,"1,915.26",0.050,0.05,212062.38,117484.35,94578.03,GBP,Bank Transfer,,
MD-2507-00237,INV-122709,07/13/2025,07/17/2025,07-31-2025,West,Channel Partner,Government,ACCT-9076,K. Johnson,Wheelchair Scale,Equipment,,3163.270,0.0,,375796.48,155161.08,220635.39,USD,Net 30,,
MD-2409-00024,INV-769567,27-Sep-24,2024-10-19,11-12-2024,West,Channel Partner,Clinic,ACCT-5951,T. Garcia,Wheelchair Scale,Equipment,48,3233.5,0.1,0.09,152259.048,78236.94,"74,022.11",USD,Check,Paid,
MD-2601-00051,INV-877259,01/09/2026,2026-01-27,20-Feb-26,Southwest,Inside Sales,Lab,ACCT-9180,N. Ahmed,Blood Pressure Cuff,Accessory,48,"1,510.27",0,0.09,79017.33,57015.5,22001.86,PHP,Check,Refunded,refund processed
MD-2505-00020,INV-243139,2025-05-09,27-May-25,2025/06/18,Midwest,Direct,Imaging Center,ACCT-8935,K. Johnson,Wheelchair Scale,Equipment,71.0,704.550,0.05,0.090,51798.87,29449.914,22348.95,PHP,Wire,Paid,
MD-2408-00284,INV-662799,2024/08/16,08/09/2024,"Aug 09, 2024",North,Online,University,ACCT-2579,E. Davis,Pulse Oximeter,Accessory,15.0,4650.28,0.25,0.08,56500.90,40575.58,15925.32,PHP,Net 30,Partially Paid,
MD-2506-00159,INV-789354,06-13-2025,2025/06/21,2025-07-06,West,Direct,Imaging Center,ACCT-9108,A. Khan,Infusion Set,Consumable,41.0,3540.13,0.25,0.05,114301.95,67317.0,46984.94,PHP,,Partially Paid,
MD-2507-00102,INV-832162,"Jul 07, 2025",2025/06/27,27-Jun-25,N_rth,Online,Private Practice,ACCT-8722,P. Singh,Otoscope Kit,Diagnostic,51,4131.600,0.0,0.08,227568.53,175204.58,52363.95,GBP,ACH,Charged Back,
MD-2511-00219,INV-210412,29-Nov-25,2025/11/19,11/19/2025,Northwest,Inside Sales,University,ACCT-8616,M. Rivera,Patient Monitor,Capital Equipment,95,3797.35,0.35,0.0,234486.36,97654.603,136831.76,usd,Bank Transfer,Paid,
MD-2406-00138,INV-679606,06/24/2024,2024-07-03,2024/07/16,Southwest,Channel Partner,Hospital,ACCT-5041,S. Chen,IV Stand,Equipment,,762.7,$0.50,0.050,31232.57,,12537.0,PHP,ACH,Paid,
MD-2502-00248,INV-185465,2025/02/21,2025/03/24,"May 04, 2025",East,Distributor,Hospital,ACCT-8698,M. Rivera,Ultrasound Gel,Consumable,78,1258.22,0.1,0.07,94509.937,45832.9,48677.05,usd,Check,Paid,
MD-2505-00194,INV-143892,2025-05-04,05/23/2025,"Jun 13, 2025",North,Online,University,ACCT-6620,K. Johnson,Syringe Pump,Capita- Equipment,,1285.99,0.000,0.09,11213.83,,"3,483.48",PHP,Bank Transfer,Charged Back,
MD-2508-00076,INV-530849,25-Aug-25,2025/09/19,10-16-2025,Southeast,Distributor,Retail Pharmacy,ACCT-8785,,ECG Lead Set,Accessory,73,"$3,744.46",0.1,0.09,268152.01,195337.584,72814.43,EUR,Credit Card,Refunded,
MD-2410-00144,INV-417960,2024/10/22,"Oct 20, 2024",25-Oct-24,South,Inside Sales,Government,ACCT-3243,S. Chen,,Consumable,18,4012.4,0.500,,,14869.60,21242.27,EUR,Wire,,
MD-2501-00014,INV-959860,"Jan 12, 2025",01-10-2025,2025/01/18,Northeast,Channel Partner,Clinic,ACCT-2983,P. Singh,ECG Lead Set,Accessory,100,3934.81,$0.10,0.0,354132.9,212066.98,142065.92,PHP,Wire,Partially Paid,manual entry
MD-2410-00264,INV-649543,10/02/2024,"Oct 26, 2024",11/26/2024,East,Direct,Private Practice,ACCT-3708,E. Davis,Syringe Pump,Capital Equipment,21,2464.43,0.1,0.09,50769.722,38841.443,11928.28,PHP,Bank Transfer,Refunded,
MD-2401-00130,INV-283919,15-Jan-24,02-19-2024,03/27/2024,Southeast,Direct,Private Practice,ACCT-9125,T. Garcia,Infusion Set,Consumable,117,2845.4,0,$0.08,"359,544.74",183008.180,176536.56,GBP,Wire,Pending,
MD-2408-00233,INV-880523,2024-08-13,09/12/2024,2024/10/15,South,Referral,Private Practice,ACCT-6426,T. Garcia,Otoscope Kit,Diagnostic,64,159.97,0.5,0.1,5528.56,2789.44,"$2,739.12",php,Wire,Partially Paid,
MD-2602-00080,INV-593393,2026-02-01,02-08-2026,"Feb 22, 2026",Northwest,Distributor,Retail Pharmacy,ACCT-3470,J. Patel,Sterile Drapes,Consumable,48,"1,259.56",$0.10,0.08,58766.03,42077.77,"$16,688.26",USD,Bank Transfer,Paid,
MD-2511-00149,INV-520085,11-21-2025,"Dec 10, 2025",2025-12-31,East,Online,Retail Pharmacy,ACCT-9177,L. Brown,Nebulizer Mask,Accessory,57,2514.51,0,0.0,143327.1,"59,000.31",84326.761,eur,,Ch_rged Back,
MD-2603-00049,INV-910065,03-05-2026,24-Feb-26,02/24/2026,Central,Channel Partner,Hospital,ACCT-3869,T. Garcia,Aspirator Unit,Equipment,38,1133.170,0.50,0.07,23037.3,13783.57,"9,253.78",USD,Credit Card,Partially Paid,typo in region
MD-2404-00058,INV-584498,04/21/2024,2024/05/22,06-25-2024,East,Inside SalEs,Retail Pharmacy,ACCT-4371,L. Brown,PortAble Defibrillator,Capital Equipment,67,847.3,0,0.07,60741.503,35882.135,"$24,859.37",EUR,Invoice,Partially Paid,
MD-2604-00009,INV-333238,04/10/2026,2026/04/13,21-Apr-26,Central,Dist_ibutor,Clinic,ACCT-9346,T. Garcia,,Consumable,101,3369.72,,0.0,272273.38,195817.68,76455.699,USD,Check,RefunDed,
MD-2503-00166,INV-210531,03/24/2025,04-10-2025,2025-04-29,West,Online,Imaging Center,ACCT-6959,K. Johnson,ECG Lead Set,,101,2935.420,0.00,0.09,323160.39,118938.17,204222.222,USD,Invoice,Pending,
MD-2505-00087,INV-606390,"May 31, 2025",05/27/2025,05-31-2025,Northwest,Direct,University,ACCT-5067,L. Brown,Syringe Pump,Capital Equipment,68,3537.0,0.35,0.1,168841.75,119994.3,48847.5,USD,Net 30,Pending,
MD-2501-00082,INV-150290,01-10-2025,2025-02-12,03-18-2025,N_rth,Direct,Private Practice,ACCT-1152,L. Brown,Nebulizer Mask,Accessory,113,3077.9,0.35,0.09,-246415.01,91393.5,155021.56,GBP,Net 30,Paid,
MD-2406-00186,INV-898868,"Jun 10, 2024",2024-06-15,,South,Online,Lab,ACCT-2199,E. Davis,IV Stand,EQuipment,86,4399.2,$0.05,0.1,388170.46,204507.45,"183,663.00",USD,Credit Card,Paid,
MD-2404-00225,INV-493482,13-Apr-24,11/24/2023,2024/05/22,,Distributor,Hospital,ACCT-6681,E. Davis,Specimen container,COnsumable,10,2341.44,,0.05,"$24,585.12",15871.04,"8,714.08",USD,Net 30,Refunded,
MD-2410-00173,INV-567646,2024-10-02,10-25-2024,"Nov 27, 2024",West,Channel Partner,Retail Pharmacy,ACCT-1684,A. Khan,ECG Lead Set,Accessory,32,3665.14,0.00,0.07,125494.39,74587.04,"50,907.35",USD,Wire,Paid,
MD-2408-00180,INV-983825,12-Aug-24,2024-08-16,2024-08-23,East,Direct,Imaging Center,ACCT-3807,N. Ahmed,Sterile Drapes,ConSumable,109.0,2666.970,0.000,0.1,-305234.72,109653.00,"$195,581.72",USD,Net 30,Paid,
MD-2504-00249,INV-718196,"Apr 04, 2025",2025-04-18,05/10/2025,North,Referral,Private Practice,ACCT-2587,S. Chen,Specimen Container,Consumable,38,3639.68,0.00,0.05,"145,223.23",96020.76,49202.47,USD,Net 30,Paid,refund processed
MD-2603-00136,INV-283027,"Mar 02, 2026",03-20-2026,2026-04-10,Northwest,Direct,University,ACCT-4144,M. Rivera,Blood Pressure Cuff,Accessory,19,3075.49,0.35,$0.08,"$41,020.89","21,625.12",19395.76,EUR,Wire,Overdue,
MD-2510-00104,INV-174809,2025-10-08,10/05/2025,05-Oct-25,West,Referral,Government,ACCT-6950,P. Singh,Sterile Drapes,Consumable,-10,3034.54,0.5,0.08,88487.186,"$63,270.76",25216.43,USD,ACH,Paid,
MD-2408-00196,INV-615856,2024-08-13,09-16-2024,25-Oct-24,West,Channe_ Partner,Retail Pharmacy,ACCT-8159,S. Chen,Glucose Meter,Diagnostic,115,"$3,222.84",0.000,0.09,403982.99,251449.4,,gbp,ACH,Overdue,price override
MD-2402-00096,INV-274421,14-Feb-24,02/10/2024,"Feb 16, 2024",Northeast,Direct,Government,ACCT-8723,E. Davis,Infusion Set,Consumable,18,3026.24,0,0.09,59374.829,24530.8,"34,844.00",,Check,Refunded,
MD-2404-00255,INV-688247,12-Apr-24,2024/04/16,30-Apr-24,Southwest,Inside Sales,Clinic,ACCT-1407,T. Garcia,Glucose Meter,Diagnostic,49,"$1,406.45",0.0,0.05,72361.85,55411.9,"$16,949.96",EUR,Invoice,Refunded,
MD-2410-00161,INV-732829,10/18/2024,16-Nov-24,12-18-2024,South,Inside Sales,Government,ACCT-7922,K. Johnson,,Accessory,39.0,2362.17,0.20,0.1,78858.68,58245.5,20613.21,EUR,Bank Transfer,Pending,
MD-2412-00208,INV-877301,08-Dec-24,12-15-2024,"Dec 24, 2024",Southwest,Online,Clinic,ACCT-2971,A. Khan,ECG Lead Set,Accessory,86,77.4,0.35,0.05,4543.58,"2,237.35",2306.23,usd,Wire,Partially Paid,
MD-2506-00047,INV-315379,06-01-2025,"Jun 01, 2025",2025/06/11,South,Direct,Imaging Center,ACCT-6049,A. Khan,Compression Sleeve,Accessory,20,799.8,0.35,0.080,11229.19,"4,491.49","6,737.70",PHP,ACH,Refunded,
MD-2403-00052,INV-799143,"Mar 10, 2024",2024/04/12,05-18-2024,,Channel Partner,GovernmEnt,ACCT-2578,N. Ahmed,Syringe Pump,Capital Equipment,28,2433.450,0.1,0.0,"57,916.11",35657.16,22258.95,PHP,Credit Card,REfunded,refund processed
MD-2504-00157,INV-193387,18-Apr-25,04/18/2025,"Apr 23, 2025",Sou_h,Inside Sales,Lab,ACCT-5361,L. Brown,Infusion Set,Consumable,7,"1,932.16",0.20,0.09,,5447.23,"6,346.68",USD,Wire,Refunded,
MD-2505-00163,INV-241677,2025-05-13,05/20/2025,2025-06-06,North,Direct,Lab,ACCT-9824,S. Chen,Otoscope Kit,Diagnostic,89,3238.170,0.2,,246696.743,95640.16,151056.58,EUR,Credit Card,Refunded,
MD-2407-00117,INV-881828,07-07-2024,07-15-2024,26-Jul-24,East,DistrIbutor,Lab,ACCT-8808,J. Patel,Syringe Pump,Capital Equipment,98.0,"1,537.88",,0.08,,62560.63,67654.741,USD,Credit Card,Refunded,
MD-2507-00276,INV-216941,07-09-2025,2025/08/03,09-01-2025,West,Inside Sales,Retail Pharmacy,ACCT-3892,K. Johnson,Glucose Meter,Diagnostic,39,2737.9,0.50,0.080,57661.23,41532.79,16128.4,GBP,Bank Transfer,Charged Back,
MD-2401-00178,INV-170825,"Jan 27, 2024",02/13/2024,"Mar 10, 2024",East,Inside Sales,Private Practice,ACCT-1991,J. Patel,Sterile Drapes,Consumable,76,933.60,0.00,0.00,70953.600,,27961.0,USD,Invoice,Refunded,duplicate review
MD-2601-00171,INV-803011,2026/01/15,01-23-2026,02-Feb-26,South,Channel Partner,Government,ACCT-2395,S. Chen,Specimen Container,Consumable,50,,0.2,0.1,48224.9,28097.16,"20,127.74",GBP,Invoice,P-rtially Paid,
MD-2602-00046,INV-826420,02/10/2026,2026-02-15,,South,Referral,Government,ACCT-5833,K. Johnson,IV Stand,Equipment,75,3473.2,0.000,0.1,278721.09,"175,896.38",102824.71,USD,Check,Partially Paid,
MD-2412-00256,INV-319387,"Dec 11, 2024",2024/12/08,"Dec 08, 2024",Southeast,Online,Clinic,ACCT-2269,,Sterile Drapes,Consumable,89,2718.72,0.2,0.0,193572.9,"90,069.90",103502.96,USD,ACH,Charged Back,
MD-2401-00089,INV-838857,01-14-2024,02-18-2024,29-Mar-24,Northwest,Referral,Private Practice,ACCT-3847,N. Ahmed,Blood Pressure Cuff,Accessory,,4172.050,0.25,,262839.15,195010.7,67828.5,PHP,Invoice,Charged Back,
MD-2510-00179,INV-993395,"Oct 17, 2025","Oct 17, 2025",19-Oct-25,Northwest,Direct,Hospital,ACCT-4654,S. Chen,Sterile Drapes,Consumable,25,3209.710,0.25,,,42490.60,23107.8,eur,Check,Paid,
MD-2406-00206,INV-619640,06-13-2024,07-13-2024,08/16/2024,Midwest,Inside Sales,Retail Pharmacy,ACCT-1346,J. Patel,Glucose Meter,Diagnostic,-24,4718.26,0.000,0.08,-438232.00,245541.02,192690.97,gbp,Net 30,Charged Back,
MD-2504-00165,INV-309174,04/28/2025,"Apr 26, 2025",2025/05/04,South,Inside Sales,Hospital,ACCT-5273,K. Johnson,Blood Pressure Cuff,Accessory,-5,"3,319.06",0.0,0.1,132629.64,53782.85,78846.79,GBP,Bank Transfer,Partially Paid,
MD-2408-00281,INV-849631,"Aug 16, 2024",09/10/2024,10/11/2024,East,Direct,Hospital,ACCT-2134,K. Johnson,Compression Sleeve,Accessory,59.0,3141.5,0.05,,191928.37,143543.87,"48,384.51",USD,Wire,Paid,
MD-2510-00188,INV-282055,2025-10-01,2025/10/02,10-12-2025,Mi_west,Referral,Univ_rsity,ACCT-9185,M. Rivera,Nebulizer Mask,Accessory,55,590.41,0.050,0.0,30848.92,"15,527.12","15,321.80",PHP,Invoice,Paid,duplicate review
MD-2411-00108,INV-769536,15-Nov-24,11/23/2024,04-Dec-24,North,Direct,Hospital,ACCT-2960,,Patient Monit_r,Capital Equipment,96,4500.4,0.35,0.00,280823.09,128876.59,"$151,946.50",USD,Invoice,Overdue,
MD-2512-00083,INV-801520,2025/12/05,12/23/2025,2026-01-16,Southwest,Referral,Government,ACCT-3862,A. Khan,Portable Defibrillator,Capital Equipment,1,,0.00,0.0,73.04,51.8,21.24,PHP,Invoice,Refunded,
MD-2406-00135,INV-312484,2024/06/23,18-Jul-24,08-14-2024,Northeast,Channel Partner,Lab,ACCT-6496,M. Rivera,ECG Lead Set,Accessory,15,"$2,392.32",$0.50,0.05,18839.52,7105.09,,,Credit Card,Overdue,
MD-2407-00235,INV-920411,2024/07/23,2024-07-30,08/11/2024,Southwest,Referral,Retail Pharmacy,ACCT-8557,,Pulse Oximeter,Accessory,39,2725.2,0.250,0.09,86885.87,37261.01,"$49,624.86",USD,Credit Card,Partially Paid,
MD-2502-00167,INV-188896,23-Feb-25,12-Mar-25,2025/04/07,East,Direct,Hospital,ACCT-9516,L. Brown,Otoscope Kit,Diagnostic,4,2131.07,0,0.09,"9,291.47",7022.177,2269.29,GBP,Wire,Charged Back,
MD-2503-00025,INV-299028,2025-03-31,2025/04/03,2025-04-12,West,DirEct,Lab,ACCT-4394,P. Singh,ECG Lead Set,,88,"1,770.80",0.15,0.00,"132,455.84",69035.99,,usd,Credit Card,Charged Back,
MD-2406-00229,INV-533370,06-23-2024,2024/06/19,06-25-2024,South,Inside Sales,University,ACCT-2504,L. Brown,Wheelchair Scale,Equipment,16,616.67,$0.00,0.1,"10,754.72",7869.81,2884.919,EUR,Bank Transfer,Partially Paid,
MD-2507-00142,INV-143150,02-Jul-25,10-23-2023,07/17/2025,Southeast,Channel Partner,University,ACCT-3663,N. Ahmed,Infusion Set,Consumable,108,,0,0.05,-385836.70,174513.66,211323.033,GBP,Invoice,,
MD-2503-00128,INV-610343,03-03-2025,2025/02/28,03/02/2025,South,Inside Sales,Retail Pharmacy,ACCT-7948,N. Ahmed,Ultrasound Gel,ConsumabLe,18,67.55,0.0,,-123.45,842.8,433.852,PHP,Wire,Overdue,
MD-2405-00181,INV-633320,2024/05/09,05-29-2024,"Jun 28, 2024",Midwest,Online,Imaging Center,ACCT-5396,P. Singh,,Diagnostic,27,3494.310,0.25,0.09,77128.2,29146.38,47981.781,USD,Net 30,Partially-Paid,
MD-2409-00177,INV-176452,"Sep 10, 2024","Sep 04, 2024",2024/09/06,South,Direct,Retail Pharmacy,ACCT-2065,J. Patel,Portable Defibrillator,Capital Equipment,44,3998.090,$0.15,0.09,"162,986.14",112699.7,50286.47,eur,ACH,Overdue,
